Workbook

Sheet Estimates of the use of water (
A1: name | B1: year | C1: pop_n | D1: pop_u | E1: wat_bas_n | F1: wat_lim_n | G1: wat_unimp_n | H1: wat_sur_n | I1: wat_bas_r | J1: wat_lim_r | K1: wat_unimp_r | L1: wat_sur_r | M1: wat_bas_u | N1: wat_lim_u | O1: wat_unimp_u | P1: wat_sur_u | Q1: y_diff | R1: ARC_n | S1: ARC_r | T1: ARC_u | U1: wat_bas_n(rounded) | V1: wat_bas_r(rounded) | W1: wat_bas_u(rounded) | X1: ARC_n_full | Y1: ARC_r_full | Z1: ARC_u_full | AA1: ARC_diff
A2: Afghanistan | B2: 2015 | C2: 34413.60156 | D2: 24.8029995 | E2: 61.33978081 | F2: 3.511199514 | G2: 22.16878383 | H2: 12.98023585 | I2: 52.98850202 | J2: 3.861136617 | K2: 26.55326757 | L2: 16.59709379 | M2: 86.65894072 | N2: 2.450270561 | O2: 8.876035732 | P2: 2.014752987 | Q2: =IF(A2=A3, B3-B2, "") -> 5 | R2: =IFERROR(IF(A3=A2, (E3-E2)/(B3-B2), ""), "") -> 2.7503265 | S2: =IFERROR(IF(A3=A2, (I3-I2)/(B3-B2), ""), "") -> 2.6678826 | T2: =IFERROR(IF(A3=A2, (M3-M2)/(B3-B2), ""), "") -> 2.6682119 | U2: =ROUND(E2,0) -> 61 | V2: =IFERROR(ROUND(I2,0),0) -> 53 | W2: =IFERROR(ROUND(M2,0),0) -> 87 | X2: =IF(AND(A2=A3, U2=100, U3=100), "full access", "") | Y2: =IF(AND(A2=A3, V2=100, V3=100), "full access", "") | Z2: =IF(AND(A2=A3, W2=100, W3=100), "full access", "") | AA2: =IF(A3=A2, S3-T3, "") -> 0
A3: Afghanistan | B3: 2020 | C3: 38928.33984 | D3: 26.02599907 | E3: 75.09141325 | F3: 1.447541688 | G3: 14.56026288 | H3: 8.900782174 | I3: 66.32791521 | J3: 1.956824851 | K3: 19.68294895 | L3: 12.03231098 | M3: 100 | N3: 0 | O3: 0 | P3: 0 | Q3: =IF(A3=A4, B4-B3, "") | R3: =IFERROR(IF(A4=A3, (E4-E3)/(B4-B3), ""), "") | S3: =IFERROR(IF(A4=A3, (I4-I3)/(B4-B3), ""), "") | T3: =IFERROR(IF(A4=A3, (M4-M3)/(B4-B3), ""), "") | U3: =ROUND(E3,0) -> 75 | V3: =IFERROR(ROUND(I3,0),0) -> 66 | W3: =IFERROR(ROUND(M3,0),0) -> 100 | X3: =IF(AND(A3=A4, U3=100, U4=100), "full access", "") | Y3: =IF(AND(A3=A4, V3=100, V4=100), "full access", "") | Z3: =IF(AND(A3=A4, W3=100, W4=100), "full access", "") | AA3: =S3-T3 -> 0
A4: Albania | B4: 2015 | C4: 2890.523926 | D4: 57.43399811 | E4: 93.39432534 | F4: 3.626383658 | G4: 2.979291004 | H4: 0 | I4: 90.62727461 | J4: 5.263172648 | K4: 4.109552744 | L4: 0 | M4: 95.44506696 | N4: 2.41331182 | O4: 2.141621216 | P4: 0 | Q4: =IF(A4=A5, B5-B4, "") -> 5 | R4: =IFERROR(IF(A5=A4, (E5-E4)/(B5-B4), ""), "") -> 0.3347427 | S4: =IFERROR(IF(A5=A4, (I5-I4)/(B5-B4), ""), "") -> 0.69281669 | T4: =IFERROR(IF(A5=A4, (M5-M4)/(B5-B4), ""), "") -> 0.043748432 | U4: =ROUND(E4,0) -> 93 | V4: =IFERROR(ROUND(I4,0),0) -> 91 | W4: =IFERROR(ROUND(M4,0),0) -> 95 | X4: =IF(AND(A4=A5, U4=100, U5=100), "full access", "") | Y4: =IF(AND(A4=A5, V4=100, V5=100), "full access", "") | Z4: =IF(AND(A4=A5, W4=100, W5=100), "full access", "") | AA4: =S4-T4 -> 0.64906826
A5: Albania | B5: 2020 | C5: 2877.800049 | D5: 62.11199951 | E5: 95.06803883 | F5: 1.884656092 | G5: 3.047305081 | H5: 0 | I5: 94.09135806 | J5: 2.305264955 | K5: 3.603376986 | L5: 0 | M5: 95.66380912 | N5: 1.62808683 | O5: 2.708104054 | P5: 0 | Q5: =IF(A5=A6, B6-B5, "") | R5: =IFERROR(IF(A6=A5, (E6-E5)/(B6-B5), ""), "") | S5: =IFERROR(IF(A6=A5, (I6-I5)/(B6-B5), ""), "") | T5: =IFERROR(IF(A6=A5, (M6-M5)/(B6-B5), ""), "") | U5: =ROUND(E5,0) -> 95 | V5: =IFERROR(ROUND(I5,0),0) -> 94 | W5: =IFERROR(ROUND(M5,0),0) -> 96 | X5: =IF(AND(A5=A6, U5=100, U6=100), "full access", "") | Y5: =IF(AND(A5=A6, V5=100, V6=100), "full access", "") | Z5: =IF(AND(A5=A6, W5=100, W6=100), "full access", "") | AA5: =S5-T5 -> 0
A6: Algeria | B6: 2015 | C6: 39728.01953 | D6: 70.84799957 | E6: 93.40956153 | F6: 5.157780893 | G6: 1.275464684 | H6: 0.1571928913 | I6: 88.35270686 | J6: 8.685753121 | K6: 2.580431801 | L6: 0.3811082155 | M6: 95.4903147 | N6: 3.706117317 | O6: 0.7385100851 | P6: 0.06505789753 | Q6: =IF(A6=A7, B7-B6, "") -> 5 | R6: =IFERROR(IF(A7=A6, (E7-E6)/(B7-B6), ""), "") -> 0.20555369 | S6: =IFERROR(IF(A7=A6, (I7-I6)/(B7-B6), ""), "") -> 0.33696621 | T6: =IFERROR(IF(A7=A6, (M7-M6)/(B7-B6), ""), "") -> 0.10288423 | U6: =ROUND(E6,0) -> 93 | V6: =IFERROR(ROUND(I6,0),0) -> 88 | W6: =IFERROR(ROUND(M6,0),0) -> 95 | X6: =IF(AND(A6=A7, U6=100, U7=100), "full access", "") | Y6: =IF(AND(A6=A7, V6=100, V7=100), "full access", "") | Z6: =IF(AND(A6=A7, W6=100, W7=100), "full access", "") | AA6: =S6-T6 -> 0.23408198
A7: Algeria | B7: 2020 | C7: 43851.04297 | D7: 73.73300171 | E7: 94.43732996 | F7: 4.985880842 | G7: 0.5318366638 | H7: 0.04495253272 | I7: 90.03753791 | J7: 8.79672214 | K7: 0.9946030281 | L7: 0.1711369258 | M7: 96.00473586 | N7: 3.628288591 | O7: 0.3669755478 | P7: 0 | Q7: =IF(A7=A8, B8-B7, "") | R7: =IFERROR(IF(A8=A7, (E8-E7)/(B8-B7), ""), "") | S7: =IFERROR(IF(A8=A7, (I8-I7)/(B8-B7), ""), "") | T7: =IFERROR(IF(A8=A7, (M8-M7)/(B8-B7), ""), "") | U7: =ROUND(E7,0) -> 94 | V7: =IFERROR(ROUND(I7,0),0) -> 90 | W7: =IFERROR(ROUND(M7,0),0) -> 96 | X7: =IF(AND(A7=A8, U7=100, U8=100), "full access", "") | Y7: =IF(AND(A7=A8, V7=100, V8=100), "full access", "") | Z7: =IF(AND(A7=A8, W7=100, W8=100), "full access", "") | AA7: =S7-T7 -> 0
A8: American Samoa | B8: 2015 | C8: 55.80599976 | D8: 87.23800659 | E8: 99.61910315 | F8: 0 | G8: 0.3808968461 | H8: 0 | I8: null | J8: null | K8: null | L8: null | M8: null | N8: null | O8: null | P8: null | Q8: =IF(A8=A9, B9-B8, "") -> 5 | R8: =IFERROR(IF(A9=A8, (E9-E8)/(B9-B8), ""), "") -> 0.030933702 | S8: =IFERROR(IF(A9=A8, (I9-I8)/(B9-B8), ""), "") | T8: =IFERROR(IF(A9=A8, (M9-M8)/(B9-B8), ""), "") | U8: =ROUND(E8,0) -> 100 | V8: =IFERROR(ROUND(I8,0),0) -> 0 | W8: =IFERROR(ROUND(M8,0),0) -> 0 | X8: =IF(AND(A8=A9, U8=100, U9=100), "full access", "") -> full access | Y8: =IF(AND(A8=A9, V8=100, V9=100), "full access", "") | Z8: =IF(AND(A8=A9, W8=100, W9=100), "full access", "") | AA8: =S8-T8 -> 0
A9: American Samoa | B9: 2020 | C9: 55.1969986 | D9: 87.15299988 | E9: 99.77377166 | F9: 0 | G9: 0.2262283415 | H9: 0 | I9: null | J9: null | K9: null | L9: null | M9: null | N9: null | O9: null | P9: null | Q9: =IF(A9=A10, B10-B9, "") | R9: =IFERROR(IF(A10=A9, (E10-E9)/(B10-B9), ""), "") | S9: =IFERROR(IF(A10=A9, (I10-I9)/(B10-B9), ""), "") | T9: =IFERROR(IF(A10=A9, (M10-M9)/(B10-B9), ""), "") | U9: =ROUND(E9,0) -> 100 | V9: =IFERROR(ROUND(I9,0),0) -> 0 | W9: =IFERROR(ROUND(M9,0),0) -> 0 | X9: =IF(AND(A9=A10, U9=100, U10=100), "full access", "") | Y9: =IF(AND(A9=A10, V9=100, V10=100), "full access", "") | Z9: =IF(AND(A9=A10, W9=100, W10=100), "full access", "") | AA9: =S9-T9 -> 0
A10: Andorra | B10: 2015 | C10: 77.99299622 | D10: 88.34499359 | E10: 99.99999755 | F10: 0 | G10: 0.000002445538357 | H10: 0 | I10: 100 | J10: 0 | K10: 0 | L10: 0 | M10: 100 | N10: 0 | O10: 0 | P10: 0 | Q10: =IF(A10=A11, B11-B10, "") -> 5 | R10: =IFERROR(IF(A11=A10, (E11-E10)/(B11-B10), ""), "") -> 1.23e-06 | S10: =IFERROR(IF(A11=A10, (I11-I10)/(B11-B10), ""), "") -> 0 | T10: =IFERROR(IF(A11=A10, (M11-M10)/(B11-B10), ""), "") -> 0 | U10: =ROUND(E10,0) -> 100 | V10: =IFERROR(ROUND(I10,0),0) -> 100 | W10: =IFERROR(ROUND(M10,0),0) -> 100 | X10: =IF(AND(A10=A11, U10=100, U11=100), "full access", "") -> full access | Y10: =IF(AND(A10=A11, V10=100, V11=100), "full access", "") -> full access | Z10: =IF(AND(A10=A11, W10=100, W11=100), "full access", "") -> full access | AA10: =S10-T10 -> 0
A11: Andorra | B11: 2020 | C11: 77.26499939 | D11: 87.91600037 | E11: 100.0000037 | F11: 0 | G11: 0 | H11: 0 | I11: 100 | J11: 0 | K11: 0 | L11: 0 | M11: 100 | N11: 0 | O11: 0 | P11: 0 | Q11: =IF(A11=A12, B12-B11, "") | R11: =IFERROR(IF(A12=A11, (E12-E11)/(B12-B11), ""), "") | S11: =IFERROR(IF(A12=A11, (I12-I11)/(B12-B11), ""), "") | T11: =IFERROR(IF(A12=A11, (M12-M11)/(B12-B11), ""), "") | U11: =ROUND(E11,0) -> 100 | V11: =IFERROR(ROUND(I11,0),0) -> 100 | W11: =IFERROR(ROUND(M11,0),0) -> 100 | X11: =IF(AND(A11=A12, U11=100, U12=100), "full access", "") | Y11: =IF(AND(A11=A12, V11=100, V12=100), "full access", "") | Z11: =IF(AND(A11=A12, W11=100, W12=100), "full access", "") | AA11: =S11-T11 -> 0
A12: Angola | B12: 2015 | C12: 27884.38086 | D12: 63.44599533 | E12: 54.31692835 | F12: 11.36861866 | G12: 17.37235635 | H12: 16.94209664 | I12: 26.7143694 | J12: 9.931069288 | K12: 21.72530762 | L12: 41.62925369 | M12: 70.21996512 | N12: 12.19685349 | O12: 14.86443147 | P12: 2.718749921 | Q12: =IF(A12=A13, B13-B12, "") -> 5 | R12: =IFERROR(IF(A13=A12, (E13-E12)/(B13-B12), ""), "") -> 0.57016185 | S12: =IFERROR(IF(A13=A12, (I13-I12)/(B13-B12), ""), "") -> 0.21877144 | T12: =IFERROR(IF(A13=A12, (M13-M12)/(B13-B12), ""), "") -> 0.3046367 | U12: =ROUND(E12,0) -> 54 | V12: =IFERROR(ROUND(I12,0),0) -> 27 | W12: =IFERROR(ROUND(M12,0),0) -> 70 | X12: =IF(AND(A12=A13, U12=100, U13=100), "full access", "") | Y12: =IF(AND(A12=A13, V12=100, V13=100), "full access", "") | Z12: =IF(AND(A12=A13, W12=100, W13=100), "full access", "") | AA12: =S12-T12 -> -0.085865258
A13: Angola | B13: 2020 | C13: 32866.26953 | D13: 66.82499695 | E13: 57.16773762 | F13: 9.287349919 | G13: 19.45082534 | H13: 14.09408712 | I13: 27.80822661 | J13: 8.740488389 | K13: 22.93315258 | L13: 40.51813242 | M13: 71.74314862 | N13: 9.558837489 | O13: 17.72203473 | P13: 0.9759791629 | Q13: =IF(A13=A14, B14-B13, "") | R13: =IFERROR(IF(A14=A13, (E14-E13)/(B14-B13), ""), "") | S13: =IFERROR(IF(A14=A13, (I14-I13)/(B14-B13), ""), "") | T13: =IFERROR(IF(A14=A13, (M14-M13)/(B14-B13), ""), "") | U13: =ROUND(E13,0) -> 57 | V13: =IFERROR(ROUND(I13,0),0) -> 28 | W13: =IFERROR(ROUND(M13,0),0) -> 72 | X13: =IF(AND(A13=A14, U13=100, U14=100), "full access", "") | Y13: =IF(AND(A13=A14, V13=100, V14=100), "full access", "") | Z13: =IF(AND(A13=A14, W13=100, W14=100), "full access", "") | AA13: =S13-T13 -> 0
A14: Anguilla | B14: 2015 | C14: 14.27900028 | D14: 100 | E14: 97.48227425 | F14: 0 | G14: 2.517725753 | H14: 0 | I14: null | J14: null | K14: null | L14: null | M14: 97.48227425 | N14: 0 | O14: 2.517725753 | P14: 0 | Q14: =IF(A14=A15, B15-B14, "") -> 2 | R14: =IFERROR(IF(A15=A14, (E15-E14)/(B15-B14), ""), "") -> 0 | S14: =IFERROR(IF(A15=A14, (I15-I14)/(B15-B14), ""), "") | T14: =IFERROR(IF(A15=A14, (M15-M14)/(B15-B14), ""), "") -> 0 | U14: =ROUND(E14,0) -> 97 | V14: =IFERROR(ROUND(I14,0),0) -> 0 | W14: =IFERROR(ROUND(M14,0),0) -> 97 | X14: =IF(AND(A14=A15, U14=100, U15=100), "full access", "") | Y14: =IF(AND(A14=A15, V14=100, V15=100), "full access", "") | Z14: =IF(AND(A14=A15, W14=100, W15=100), "full access", "") | AA14: =S14-T14 -> 0
... A18: Argentina | B18: 2015 | C18: 43075.41406 | D18: 91.50299835 | E18: 98.96658815 | F18: 0 | G18: 0.6649143791 | H18: 0.3684974742 | I18: 92.98366005 | J18: 0 | K18: 2.679544899 | L18: 4.336795051 | M18: 99.52216305 | N18: 0 | O18: 0.4778369473 | P18: 0 | Q18: =IF(A18=A19, B19-B18, "") -> 5 | R18: =IFERROR(IF(A19=A18, (E19-E18)/(B19-B18), ""), "") | S18: =IFERROR(IF(A19=A18, (I19-I18)/(B19-B18), ""), "") | T18: =IFERROR(IF(A19=A18, (M19-M18)/(B19-B18), ""), "") -> 0.05365152 | U18: =ROUND(E18,0) -> 99 | V18: =IFERROR(ROUND(I18,0),0) -> 93 | W18: =IFERROR(ROUND(M18,0),0) -> 100 | X18: =IF(AND(A18=A19, U18=100, U19=100), "full access", "") | Y18: =IF(AND(A18=A19, V18=100, V19=100), "full access", "") | Z18: =IF(AND(A18=A19, W18=100, W19=100), "full access", "") -> full access | AA18: =S18-T18 -> -0.05365152
A19: Argentina | B19: 2020 | C19: 45195.77734 | D19: 92.11100006 | E19: null | F19: null | G19: null | H19: null | I19: null | J19: null | K19: null | L19: null | M19: 99.79042065 | N19: 0 | O19: 0.2095793501 | P19: 0 | Q19: =IF(A19=A20, B20-B19, "") | R19: =IFERROR(IF(A20=A19, (E20-E19)/(B20-B19), ""), "") | S19: =IFERROR(IF(A20=A19, (I20-I19)/(B20-B19), ""), "") | T19: =IFERROR(IF(A20=A19, (M20-M19)/(B20-B19), ""), "") | U19: =IFERROR(ROUND(E19,0),0) -> 0 | V19: =IFERROR(ROUND(I19,0),0) -> 0 | W19: =IFERROR(ROUND(M19,0),0) -> 100 | X19: =IF(AND(A19=A20, U19=100, U20=100), "full access", "") | Y19: =IF(AND(A19=A20, V19=100, V20=100), "full access", "") | Z19: =IF(AND(A19=A20, W19=100, W20=100), "full access", "") | AA19: =S19-T19 -> 0
A20: Armenia | B20: 2015 | C20: 2925.559082 | D20: 63.0850029 | E20: 99.5525667 | F20: 0 | G20: 0.09850508366 | H20: 0.3489282205 | I20: 99.05477927 | J20: 0 | K20: 0 | L20: 0.9452207347 | M20: 99.8438534 | N20: 0 | O20: 0.1561465981 | P20: 0 | Q20: =IF(A20=A21, B21-B20, "") -> 5 | R20: =IFERROR(IF(A21=A20, (E21-E20)/(B21-B20), ""), "") -> 0.083722798 | S20: =IFERROR(IF(A21=A20, (I21-I20)/(B21-B20), ""), "") -> 0.18904415 | T20: =IFERROR(IF(A21=A20, (M21-M20)/(B21-B20), ""), "") -> 0.022125564 | U20: =IFERROR(ROUND(E20,0),0) -> 100 | V20: =IFERROR(ROUND(I20,0),0) -> 99 | W20: =IFERROR(ROUND(M20,0),0) -> 100 | X20: =IF(AND(A20=A21, U20=100, U21=100), "full access", "") -> full access | Y20: =IF(AND(A20=A21, V20=100, V21=100), "full access", "") | Z20: =IF(AND(A20=A21, W20=100, W21=100), "full access", "") -> full access | AA20: =S20-T20 -> 0.16691858
A21: Armenia | B21: 2020 | C21: 2963.233887 | D21: 63.31299973 | E21: 99.97118069 | F21: 0 | G21: 0.02881930801 | H21: 0 | I21: 100 | J21: 0 | K21: 0 | L21: 0 | M21: 99.95448122 | N21: 0 | O21: 0.04551878364 | P21: 0 | Q21: =IF(A21=A22, B22-B21, "") | R21: =IFERROR(IF(A22=A21, (E22-E21)/(B22-B21), ""), "") | S21: =IFERROR(IF(A22=A21, (I22-I21)/(B22-B21), ""), "") | T21: =IFERROR(IF(A22=A21, (M22-M21)/(B22-B21), ""), "") | U21: =IFERROR(ROUND(E21,0),0) -> 100 | V21: =IFERROR(ROUND(I21,0),0) -> 100 | W21: =IFERROR(ROUND(M21,0),0) -> 100 | X21: =IF(AND(A21=A22, U21=100, U22=100), "full access", "") | Y21: =IF(AND(A21=A22, V21=100, V22=100), "full access", "") | Z21: =IF(AND(A21=A22, W21=100, W22=100), "full access", "") | AA21: =S21-T21 -> 0
A22: Aruba | B22: 2015 | C22: 104.3389969 | D22: 43.10800171 | E22: 97.86902338 | F22: 0 | G22: 1.95993621 | H22: 0.1710404089 | I22: null | J22: null | K22: null | L22: null | M22: null | N22: null | O22: null | P22: null | Q22: =IF(A22=A23, B23-B22, "") -> 1 | R22: =IFERROR(IF(A23=A22, (E23-E22)/(B23-B22), ""), "") -> 0 | S22: =IFERROR(IF(A23=A22, (I23-I22)/(B23-B22), ""), "") | T22: =IFERROR(IF(A23=A22, (M23-M22)/(B23-B22), ""), "") | U22: =IFERROR(ROUND(E22,0),0) -> 98 | V22: =IFERROR(ROUND(I22,0),0) -> 0 | W22: =IFERROR(ROUND(M22,0),0) -> 0 | X22: =IF(AND(A22=A23, U22=100, U23=100), "full access", "") | Y22: =IF(AND(A22=A23, V22=100, V23=100), "full access", "") | Z22: =IF(AND(A22=A23, W22=100, W23=100), "full access", "") | AA22: =S22-T22 -> 0
A23: Aruba | B23: 2016 | C23: 104.8649979 | D23: 43.19199753 | E23: 97.86902338 | F23: 0 | G23: 1.95993621 | H23: 0.1710404089 | I23: null | J23: null | K23: null | L23: null | M23: null | N23: null | O23: null | P23: null | Q23: =IF(A23=A24, B24-B23, "") | R23: =IFERROR(IF(A24=A23, (E24-E23)/(B24-B23), ""), "") | S23: =IFERROR(IF(A24=A23, (I24-I23)/(B24-B23), ""), "") | T23: =IFERROR(IF(A24=A23, (M24-M23)/(B24-B23), ""), "") | U23: =IFERROR(ROUND(E23,0),0) -> 98 | V23: =IFERROR(ROUND(I23,0),0) -> 0 | W23: =IFERROR(ROUND(M23,0),0) -> 0 | X23: =IF(AND(A23=A24, U23=100, U24=100), "full access", "") | Y23: =IF(AND(A23=A24, V23=100, V24=100), "full access", "") | Z23: =IF(AND(A23=A24, W23=100, W24=100), "full access", "") | AA23: =S23-T23 -> 0
A24: Australia | B24: 2015 | C24: 23932.49805 | D24: 85.70100403 | E24: 99.97000567 | F24: 0 | G24: 0.02999433057 | H24: 0 | I24: 100 | J24: 0 | K24: 0 | L24: 0 | M24: 99.965 | N24: 0 | O24: 0.035 | P24: 0 | Q24: =IF(A24=A25, B25-B24, "") -> 5 | R24: =IFERROR(IF(A25=A24, (E25-E24)/(B25-B24), ""), "") -> -3.877e-05 | S24: =IFERROR(IF(A25=A24, (I25-I24)/(B25-B24), ""), "") -> 0 | T24: =IFERROR(IF(A25=A24, (M25-M24)/(B25-B24), ""), "") -> 0 | U24: =IFERROR(ROUND(E24,0),0) -> 100 | V24: =IFERROR(ROUND(I24,0),0) -> 100 | W24: =IFERROR(ROUND(M24,0),0) -> 100 | X24: =IF(AND(A24=A25, U24=100, U25=100), "full access", "") -> full access | Y24: =IF(AND(A24=A25, V24=100, V25=100), "full access", "") -> full access | Z24: =IF(AND(A24=A25, W24=100, W25=100), "full access", "") -> full access | AA24: =S24-T24 -> 0
A25: Australia | B25: 2020 | C25: 25499.88086 | D25: 86.24099731 | E25: 99.96981182 | F25: 0 | G25: 0.03018817873 | H25: 0 | I25: 100 | J25: 0 | K25: 0 | L25: 0 | M25: 99.965 | N25: 0 | O25: 0.035 | P25: 0 | Q25: =IF(A25=A26, B26-B25, "") | R25: =IFERROR(IF(A26=A25, (E26-E25)/(B26-B25), ""), "") | S25: =IFERROR(IF(A26=A25, (I26-I25)/(B26-B25), ""), "") | T25: =IFERROR(IF(A26=A25, (M26-M25)/(B26-B25), ""), "") | U25: =IFERROR(ROUND(E25,0),0) -> 100 | V25: =IFERROR(ROUND(I25,0),0) -> 100 | W25: =IFERROR(ROUND(M25,0),0) -> 100 | X25: =IF(AND(A25=A26, U25=100, U26=100), "full access", "") | Y25: =IF(AND(A25=A26, V25=100, V26=100), "full access", "") | Z25: =IF(AND(A25=A26, W25=100, W26=100), "full access", "") | AA25: =S25-T25 -> 0
A26: Austria | B26: 2015 | C26: 8678.666992 | D26: 57.71500015 | E26: 100 | F26: 0 | G26: 0 | H26: 0 | I26: 100 | J26: 0 | K26: 0 | L26: 0 | M26: 100 | N26: 0 | O26: 0 | P26: 0 | Q26: =IF(A26=A27, B27-B26, "") -> 5 | R26: =IFERROR(IF(A27=A26, (E27-E26)/(B27-B26), ""), "") -> 0 | S26: =IFERROR(IF(A27=A26, (I27-I26)/(B27-B26), ""), "") -> 0 | T26: =IFERROR(IF(A27=A26, (M27-M26)/(B27-B26), ""), "") -> 0 | U26: =IFERROR(ROUND(E26,0),0) -> 100 | V26: =IFERROR(ROUND(I26,0),0) -> 100 | W26: =IFERROR(ROUND(M26,0),0) -> 100 | X26: =IF(AND(A26=A27, U26=100, U27=100), "full access", "") -> full access | Y26: =IF(AND(A26=A27, V26=100, V27=100), "full access", "") -> full access | Z26: =IF(AND(A26=A27, W26=100, W27=100), "full access", "") -> full access | AA26: =S26-T26 -> 0
A27: Austria | B27: 2020 | C27: 9006.400391 | D27: 58.7480011 | E27: 100 | F27: 0 | G27: 0 | H27: 0 | I27: 100 | J27: 0 | K27: 0 | L27: 0 | M27: 100 | N27: 0 | O27: 0 | P27: 0 | Q27: =IF(A27=A28, B28-B27, "") | R27: =IFERROR(IF(A28=A27, (E28-E27)/(B28-B27), ""), "") | S27: =IFERROR(IF(A28=A27, (I28-I27)/(B28-B27), ""), "") | T27: =IFERROR(IF(A28=A27, (M28-M27)/(B28-B27), ""), "") | U27: =IFERROR(ROUND(E27,0),0) -> 100 | V27: =IFERROR(ROUND(I27,0),0) -> 100 | W27: =IFERROR(ROUND(M27,0),0) -> 100 | X27: =IF(AND(A27=A28, U27=100, U28=100), "full access", "") | Y27: =IF(AND(A27=A28, V27=100, V28=100), "full access", "") | Z27: =IF(AND(A27=A28, W27=100, W28=100), "full access", "") | AA27: =S27-T27 -> 0
A28: Azerbaijan | B28: 2015 | C28: 9622.741211 | D28: 54.7140007 | E28: 92.42031398 | F28: 1.002242415 | G28: 4.365089522 | H28: 2.21235408 | I28: 84.14321327 | J28: 2.213139731 | K28: 8.988206006 | L28: 4.655440992 | M28: 99.27115203 | N28: 0 | O28: 0.5386020345 | P28: 0.1902459339 | Q28: =IF(A28=A29, B29-B28, "") -> 5 | R28: =IFERROR(IF(A29=A28, (E29-E28)/(B29-B28), ""), "") -> 0.72461243 | S28: =IFERROR(IF(A29=A28, (I29-I28)/(B29-B28), ""), "") -> 1.3565169 | T28: =IFERROR(IF(A29=A28, (M29-M28)/(B29-B28), ""), "") -> 0.14576959 | U28: =IFERROR(ROUND(E28,0),0) -> 92 | V28: =IFERROR(ROUND(I28,0),0) -> 84 | W28: =IFERROR(ROUND(M28,0),0) -> 99 | X28: =IF(AND(A28=A29, U28=100, U29=100), "full access", "") | Y28: =IF(AND(A28=A29, V28=100, V29=100), "full access", "") | Z28: =IF(AND(A28=A29, W28=100, W29=100), "full access", "") | AA28: =S28-T28 -> 1.2107473
A29: Azerbaijan | B29: 2020 | C29: 10139.1748 | D29: 56.39700317 | E29: 96.04337613 | F29: 1.04278118 | G29: 2.913842688 | H29: 0 | I29: 90.92579795 | J29: 2.391535671 | K29: 6.682666377 | L29: 0 | M29: 100 | N29: 0 | O29: 0 | P29: 0 | Q29: =IF(A29=A30, B30-B29, "") | R29: =IFERROR(IF(A30=A29, (E30-E29)/(B30-B29), ""), "") | S29: =IFERROR(IF(A30=A29, (I30-I29)/(B30-B29), ""), "") | T29: =IFERROR(IF(A30=A29, (M30-M29)/(B30-B29), ""), "") | U29: =IFERROR(ROUND(E29,0),0) -> 96 | V29: =IFERROR(ROUND(I29,0),0) -> 91 | W29: =IFERROR(ROUND(M29,0),0) -> 100 | X29: =IF(AND(A29=A30, U29=100, U30=100), "full access", "") | Y29: =IF(AND(A29=A30, V29=100, V30=100), "full access", "") | Z29: =IF(AND(A29=A30, W29=100, W30=100), "full access", "") | AA29: =S29-T29 -> 0
A30: Bahamas | B30: 2015 | C30: 374.2000122 | D30: 82.74599457 | E30: 98.8869605 | F30: 0 | G30: 1.113039503 | H30: 0 | I30: null | J30: null | K30: null | L30: null | M30: null | N30: null | O30: null | P30: null | Q30: =IF(A30=A31, B31-B30, "") -> 4 | R30: =IFERROR(IF(A31=A30, (E31-E30)/(B31-B30), ""), "") -> 0 | S30: =IFERROR(IF(A31=A30, (I31-I30)/(B31-B30), ""), "") | T30: =IFERROR(IF(A31=A30, (M31-M30)/(B31-B30), ""), "") | U30: =IFERROR(ROUND(E30,0),0) -> 99 | V30: =IFERROR(ROUND(I30,0),0) -> 0 | W30: =IFERROR(ROUND(M30,0),0) -> 0 | X30: =IF(AND(A30=A31, U30=100, U31=100), "full access", "") | Y30: =IF(AND(A30=A31, V30=100, V31=100), "full access", "") | Z30: =IF(AND(A30=A31, W30=100, W31=100), "full access", "") | AA30: =S30-T30 -> 0
... A463: Zimbabwe | B463: 2020 | C463: 14862.92676 | D463: 32.24200058 | E463: 62.66645761 | F463: 14.1975397 | G463: 16.27785545 | H463: 6.858147242 | I463: 48.28242885 | J463: 18.59098467 | K463: 23.01364655 | L463: 10.11293992 | M463: 92.89512895 | N463: 4.964517757 | O463: 2.122298674 | P463: 0.01805461538 | Q463: =IF(A463=A464, B464-B463, "") | R463: =IFERROR(IF(A464=A463, (E464-E463)/(B464-B463), ""), "") | S463: =IFERROR(IF(A464=A463, (I464-I463)/(B464-B463), ""), "") | T463: =IFERROR(IF(A464=A463, (M464-M463)/(B464-B463), ""), "") | U463: =IFERROR(ROUND(E463,0),0) -> 63 | V463: =IFERROR(ROUND(I463,0),0) -> 48 | W463: =IFERROR(ROUND(M463,0),0) -> 93 | X463: =IF(AND(A463=A464, U463=100, U464=100), "full access", "") | Y463: =IF(AND(A463=A464, V463=100, V464=100), "full access", "") | Z463: =IF(AND(A463=A464, W463=100, W464=100), "full access", "") | AA463: =S463-T463 -> 0
D469: =IFERROR(__xludf.DUMMYFUNCTION("COUNTUNIQUE( FILTER( A2:A463, E2:E463 = 100, COUNTIF(FILTER(E2:E463, E2:E463 = 100), A2:A463) = 2 ) )"),1.0) -> 1

Sheet Summary sheet
A2: Avg Year difference | B2: =ROUND(AVERAGE('Estimates of the use of water ('!Q2:Q463), 2) -> 4.8
A3: Min year difference | B3: =MIN('Estimates of the use of water ('!Q2:Q463) -> 1
A4: Max year difference | B4: =MAX('Estimates of the use of water ('!Q2:Q463) -> 5
A5: Avg(ARC_n) | B5: =AVERAGE('Estimates of the use of water ('!R2:R463) -> 0.27674414
A6: Avg(ARC_r) | B6: =AVERAGE('Estimates of the use of water ('!S2:S463) -> 0.4844937
A7: Avg(ARC_u) | B7: =AVERAGE('Estimates of the use of water ('!S2:T463) -> 0.31302725
A8: Min(ARC_n) | B8: =MIN('Estimates of the use of water ('!R2:R463) -> -1.0217887
A9: Min(ARC_r) | B9: =MIN('Estimates of the use of water ('!S2:Z2463) -> -2.4887956
A10: Min(ARC_u) | B10: =MIN('Estimates of the use of water ('!T2:T463) -> -1.6200868
A11: Max(ARC_n) | B11: =MAX('Estimates of the use of water ('!R2:R463) -> 2.7503265
A12: Max(ARC_r) | B12: =MAX('Estimates of the use of water ('!S2:S463) -> 2.6678826
A13: Max(ARC_u) | B13: =MAX('Estimates of the use of water ('!T2:T463) -> 2.6682119
A14: ARC_n(null countries) | B14: =COUNTBLANK('Estimates of the use of water ('!R2:R463) -> 233
A15: ARC_r(null countries) | B15: =COUNTBLANK('Estimates of the use of water ('!S2:S463) -> 295
A16: ARC_u(null countries) | B16: =COUNTBLANK('Estimates of the use of water ('!R2:T463) -> 809
A17: ARC_n_full | B17: =COUNTIFS('Estimates of the use of water ('!X2:X463,"full access") -> 62
A18: ARC_r_full | B18: =COUNTIFS('Estimates of the use of water ('!Y3:Y463,"full access") -> 29
A19: ARC_u_full | B19: =COUNTIFS('Estimates of the use of water ('!Z3:Z463,"full access") -> 55
A20: ARC0

Sheet Regions
A1: name | B1: region
A2: Afghanistan | B2: South Asia
A3: Albania | B3: Europe & Central Asia
A4: Algeria | B4: Middle East & North Africa
A5: American Samoa | B5: East Asia & Pacific
A6: Andorra | B6: Europe & Central Asia
A7: Angola | B7: Sub-Saharan Africa
A8: Anguilla | B8: Latin America & Caribbean
A9: Antigua and Barbuda | B9: Latin America & Caribbean
A10: Argentina | B10: Latin America & Caribbean
A11: Armenia | B11: Europe & Central Asia
A12: Aruba | B12: Latin America & Caribbean
... A233: Zimbabwe | B233: Sub-Saharan Africa
